# Week of 2026-02-23
GreenLight 1 - Mon Feb 23 05:58:35 UTC 2026
GreenLight 2 - Mon Feb 23 05:58:36 UTC 2026
GreenLight 3 - Mon Feb 23 05:58:38 UTC 2026
GreenLight 4 - Mon Feb 23 05:58:39 UTC 2026
GreenLight 5 - Mon Feb 23 05:58:41 UTC 2026
GreenLight 6 - Mon Feb 23 05:58:42 UTC 2026
GreenLight 7 - Mon Feb 23 05:58:43 UTC 2026
GreenLight 1 - Tue Feb 24 05:57:15 UTC 2026
GreenLight 2 - Tue Feb 24 05:57:17 UTC 2026
GreenLight 3 - Tue Feb 24 05:57:18 UTC 2026
GreenLight 4 - Tue Feb 24 05:57:20 UTC 2026
GreenLight 5 - Tue Feb 24 05:57:21 UTC 2026
GreenLight 6 - Tue Feb 24 05:57:23 UTC 2026
GreenLight 7 - Tue Feb 24 05:57:25 UTC 2026
GreenLight 8 - Tue Feb 24 05:57:26 UTC 2026
GreenLight 9 - Tue Feb 24 05:57:27 UTC 2026
